{"type": "block", "layer": 0, "block": 0, "features": [{"geom": {"pts": [[20.003274179298668, -7.875166443272721, 3.028353540007934]], "rotateX": 0, "rotateY": 0, "rotateZ": 0, "scale": 0.01514176770003967}, "model": 0, "prop": ["1", "Arv1"], "lh": 6.813795465017852}, {"geom": {"pts": [[1.8234178596373218, -8.658780940163517, 3.028353540007934]], "rotateX": 0, "rotateY": 0, "rotateZ": 0, "scale": 0.01514176770003967}, "model": 0, "prop": ["2", "Arv2"], "lh": 6.813795465017852}]}