{"type": "block", "layer": 0, "block": 0, "features": [{"geom": {"pts": [[0.3413677180694741, -0.6827354360107151, 2.1987472610759]], "r": 0.9998803169742655}, "mtl": 0}, {"geom": {"pts": [[-12.858184038857845, -1.2516816326863096, 2.1987472610759]], "r": 0.9998803169742655}, "mtl": 0}]}