{"type": "block", "layer": 1, "block": 0, "features": [{"geom": {"polygons": [[[[-9.330717621579614, -1.2516816326863096], [-9.216928382180466, 1.2516816301266303], [-5.348094246640789, 1.2516816301266303], [-5.348094246640789, -1.3654708715094936], [-9.330717621579614, -1.2516816326863096]]]], "centroids": [[-7.2967746576896975, -0.03497450062987122, 0.0]], "h": 0.9998803169742655}, "mtl": {"face": 0}}]}