{"type": "block", "layer": 1, "block": 0, "features": [{"geom": {"polygons": [[[[6.681827737449508, -8.658780940163517], [6.8385506369157305, -5.21087715736948], [12.16712921321471, -5.21087715736948], [12.16712921321471, -8.815503838836586], [6.681827737449508, -8.658780940163517]]]], "centroids": [[9.483194899519908, -6.982999727949033, 0.0]], "h": 1.377143772318608}, "mtl": {"face": 0}}]}